{
  "keyword": {
    "precision": 73.62637362637363,
    "recall": 34.89583333333333,
    "f1": 47.34982332155478,
    "hits@1": 27.500000000000004,
    "hits@3": 30.0,
    "mrr": 29.696056547619047
  },
  "semantic": {
    "precision": 75.75757575757575,
    "recall": 85.22727272727273,
    "f1": 80.21390374331551,
    "hits@1": 47.8125,
    "hits@3": 50.625,
    "mrr": 50.257440476190474
  },
  "finetine": {
    "precision": 80.86124401913875,
    "recall": 92.34972677595628,
    "f1": 86.22448979591837,
    "hits@1": 53.75,
    "hits@3": 57.49999999999999,
    "mrr": 55.75297619047619
  }
}